{
  "Default": {
    "PivotX": 0.5,
    "PivotY": 0.2,
    "Z": 2.0,
    "RectX": 0,
    "RectY": 0,
    "RectZ": 0,
    "PixelsPerUnit": 1
  },
  "Specific": [
    {
      "Path": "w_axe_dragonscales.png",
    "PivotX": 0.1,
    "PivotY": 0.2,
    },
    {
      "Path": "w_hammer_dragonscales.png",
    "PivotX": 0.1,
    "PivotY": 0.2,
    },
    {
      "Path": "w_spear_dragonscales.png",
    "PivotX": 0.1,
    "PivotY": 0.2,
    },
    {
      "Path": "w_sword_dragonscales.png",
    "PivotX": 0.1,
    "PivotY": 0.2,
    }

]
}
